event_id,sportradar_id,book,league,ds
4883526,"27883088","altenar","bundesliga",2021-08-04
4883532,"27883100","altenar","bundesliga",2021-08-04
4883533,"27883102","altenar","bundesliga",2021-08-04
4883530,"27883096","altenar","bundesliga",2021-08-04
4883529,"27883094","altenar","bundesliga",2021-08-04
4883528,"27883092","altenar","bundesliga",2021-08-04
4883527,"27883090","altenar","bundesliga",2021-08-04
4883531,"27883098","altenar","bundesliga",2021-08-04
4883534,"27883104","altenar","bundesliga",2021-08-04
4883536,"27883108","altenar","bundesliga",2021-08-04
4883542,"27883120","altenar","bundesliga",2021-08-04
4883537,"27883110","altenar","bundesliga",2021-08-04
4883539,"27883114","altenar","bundesliga",2021-08-04
4883543,"27883122","altenar","bundesliga",2021-08-04
4883541,"27883118","altenar","bundesliga",2021-08-04
4883538,"27883112","altenar","bundesliga",2021-08-04
4883540,"27883116","altenar","bundesliga",2021-08-04
4883535,"27883106","altenar","bundesliga",2021-08-04
4856220,"27649198","altenar","jupiler_pro_league",2021-08-04
4856217,"27649200","altenar","jupiler_pro_league",2021-08-04
4856221,"27649202","altenar","jupiler_pro_league",2021-08-04
4856216,"27649204","altenar","jupiler_pro_league",2021-08-04
4856218,"27649206","altenar","jupiler_pro_league",2021-08-04
4856222,"27649208","altenar","jupiler_pro_league",2021-08-04
4856219,"27649210","altenar","jupiler_pro_league",2021-08-04
4856215,"27649212","altenar","jupiler_pro_league",2021-08-04
4856223,"27649214","altenar","jupiler_pro_league",2021-08-04
4892074,"27964616","altenar","la_liga",2021-08-04
4892072,"27964608","altenar","la_liga",2021-08-04
4892071,"27964604","altenar","la_liga",2021-08-04
4892069,"27964602","altenar","la_liga",2021-08-04
4892057,"27964594","altenar","la_liga",2021-08-04
4892068,"27964600","altenar","la_liga",2021-08-04
4892070,"27964596","altenar","la_liga",2021-08-04
4892073,"27964610","altenar","la_liga",2021-08-04
4892075,"27964618","altenar","la_liga",2021-08-04
4892076,"27964620","altenar","la_liga",2021-08-04
4883705,"27884712","altenar","ligue_1",2021-08-04
4883703,"27884708","altenar","ligue_1",2021-08-04
4883711,"27884724","altenar","ligue_1",2021-08-04
4883708,"27884718","altenar","ligue_1",2021-08-04
4883702,"27884706","altenar","ligue_1",2021-08-04
4883707,"27884716","altenar","ligue_1",2021-08-04
4883709,"27884720","altenar","ligue_1",2021-08-04
4883710,"27884722","altenar","ligue_1",2021-08-04
4883704,"27884710","altenar","ligue_1",2021-08-04
4883706,"27884714","altenar","ligue_1",2021-08-04
4883717,"27884736","altenar","ligue_1",2021-08-04
4883716,"27884734","altenar","ligue_1",2021-08-04
4883720,"27884742","altenar","ligue_1",2021-08-04
4883712,"27884726","altenar","ligue_1",2021-08-04
4883713,"27884728","altenar","ligue_1",2021-08-04
4883714,"27884730","altenar","ligue_1",2021-08-04
4883719,"27884740","altenar","ligue_1",2021-08-04
4883721,"27884744","altenar","ligue_1",2021-08-04
4883715,"27884732","altenar","ligue_1",2021-08-04
4883718,"27884738","altenar","ligue_1",2021-08-04
4866809,"27751052","altenar","premier_league",2021-08-04
4866818,"27751062","altenar","premier_league",2021-08-04
4866811,"27751054","altenar","premier_league",2021-08-04
4866814,"27751056","altenar","premier_league",2021-08-04
4866816,"27751058","altenar","premier_league",2021-08-04
4866815,"27751060","altenar","premier_league",2021-08-04
4866812,"27751070","altenar","premier_league",2021-08-04
4866810,"27751066","altenar","premier_league",2021-08-04
4866813,"27751064","altenar","premier_league",2021-08-04
4866817,"27751068","altenar","premier_league",2021-08-04
4918345,"28159782","altenar","seria_a",2021-08-04
4918350,"28159780","altenar","seria_a",2021-08-04
4918351,"28159778","altenar","seria_a",2021-08-04
4918342,"28159790","altenar","seria_a",2021-08-04
4918349,"28159774","altenar","seria_a",2021-08-04
4918346,"28159792","altenar","seria_a",2021-08-04
4918344,"28159784","altenar","seria_a",2021-08-04
4918343,"28159786","altenar","seria_a",2021-08-04
4918347,"28159776","altenar","seria_a",2021-08-04
4918348,"28159788","altenar","seria_a",2021-08-04
2815978201,"28159782","betconstruct",serie_a,2021-08-04
2815978001,"28159780","betconstruct",serie_a,2021-08-04
2815979001,"28159790","betconstruct",serie_a,2021-08-04
2815977801,"28159778","betconstruct",serie_a,2021-08-04
2815977401,"28159774","betconstruct",serie_a,2021-08-04
2815979201,"28159792","betconstruct",serie_a,2021-08-04
2815978601,"28159786","betconstruct",serie_a,2021-08-04
2815978401,"28159784","betconstruct",serie_a,2021-08-04
2815977601,"28159776","betconstruct",serie_a,2021-08-04
2815978801,"28159788","betconstruct",serie_a,2021-08-04
8394411,,"betconstruct",serie_a,2021-08-04
8195528,"27883088","betconstruct",bundesliga,2021-08-04
8195539,"27883096","betconstruct",bundesliga,2021-08-04
8195537,"27883092","betconstruct",bundesliga,2021-08-04
8195542,"27883102","betconstruct",bundesliga,2021-08-04
8195538,"27883094","betconstruct",bundesliga,2021-08-04
8195541,"27883100","betconstruct",bundesliga,2021-08-04
8195536,"27883090","betconstruct",bundesliga,2021-08-04
8195540,"27883098","betconstruct",bundesliga,2021-08-04
8195543,"27883104","betconstruct",bundesliga,2021-08-04
2788311601,"27883116","betconstruct",bundesliga,2021-08-04
8387211,,"betconstruct",bundesliga,2021-08-04
2796461601,"27964616","betconstruct",la_liga,2021-08-04
2796460801,"27964608","betconstruct",la_liga,2021-08-04
2796460401,"27964604","betconstruct",la_liga,2021-08-04
2796460201,"27964602","betconstruct",la_liga,2021-08-04
2796459401,"27964594","betconstruct",la_liga,2021-08-04
2796460001,"27964600","betconstruct",la_liga,2021-08-04
2796459601,"27964596","betconstruct",la_liga,2021-08-04
2796461001,"27964610","betconstruct",la_liga,2021-08-04
2796461801,"27964618","betconstruct",la_liga,2021-08-04
2796462001,"27964620","betconstruct",la_liga,2021-08-04
8404811,,"betconstruct",la_liga,2021-08-04
2788471201,"27884712","betconstruct",ligue_1,2021-08-04
2788470801,"27884708","betconstruct",ligue_1,2021-08-04
2788472401,"27884724","betconstruct",ligue_1,2021-08-04
2788471801,"27884718","betconstruct",ligue_1,2021-08-04
2788472201,"27884722","betconstruct",ligue_1,2021-08-04
2788471601,"27884716","betconstruct",ligue_1,2021-08-04
2788472001,"27884720","betconstruct",ligue_1,2021-08-04
2788470601,"27884706","betconstruct",ligue_1,2021-08-04
2788471001,"27884710","betconstruct",ligue_1,2021-08-04
2788471401,"27884714","betconstruct",ligue_1,2021-08-04
2788473601,"27884736","betconstruct",ligue_1,2021-08-04
2788473401,"27884734","betconstruct",ligue_1,2021-08-04
2788474201,"27884742","betconstruct",ligue_1,2021-08-04
2788472601,"27884726","betconstruct",ligue_1,2021-08-04
2788474401,"27884744","betconstruct",ligue_1,2021-08-04
2788473001,"27884730","betconstruct",ligue_1,2021-08-04
2788472801,"27884728","betconstruct",ligue_1,2021-08-04
2788474001,"27884740","betconstruct",ligue_1,2021-08-04
2788473201,"27884732","betconstruct",ligue_1,2021-08-04
2788473801,"27884738","betconstruct",ligue_1,2021-08-04
8397211,,"betconstruct",ligue_1,2021-08-04
2764919801,"27649198","betconstruct",jupiler_pro_league,2021-08-04
2764920001,,"betconstruct",jupiler_pro_league,2021-08-04
2764920201,"27649202","betconstruct",jupiler_pro_league,2021-08-04
2764920401,"27649204","betconstruct",jupiler_pro_league,2021-08-04
2764920601,"27649206","betconstruct",jupiler_pro_league,2021-08-04
2764920801,"27649208","betconstruct",jupiler_pro_league,2021-08-04
2764921001,"27649210","betconstruct",jupiler_pro_league,2021-08-04
2764921201,"27649212","betconstruct",jupiler_pro_league,2021-08-04
2764921401,"27649214","betconstruct",jupiler_pro_league,2021-08-04
8413411,,"betconstruct",jupiler_pro_league,2021-08-04
7901352,27883088,"betway","bundesliga",2021-08-04
7901351,27883102,"betway","bundesliga",2021-08-04
7901349,27883100,"betway","bundesliga",2021-08-04
7901339,27883096,"betway","bundesliga",2021-08-04
7901340,27883094,"betway","bundesliga",2021-08-04
7901338,27883092,"betway","bundesliga",2021-08-04
7901343,27883090,"betway","bundesliga",2021-08-04
7901342,27883098,"betway","bundesliga",2021-08-04
7901344,27883104,"betway","bundesliga",2021-08-04
8047510,27883116,"betway","bundesliga",2021-08-04
7947521,,"betway","bundesliga",2021-08-04
7697662,,"betway","bundesliga",2021-08-04
7697640,,"betway","bundesliga",2021-08-04
7697642,,"betway","bundesliga",2021-08-04
8046703,27649198,"betway","jupiler_pro_league",2021-08-04
8046704,27649200,"betway","jupiler_pro_league",2021-08-04
8046696,27649202,"betway","jupiler_pro_league",2021-08-04
8046697,27649204,"betway","jupiler_pro_league",2021-08-04
8046698,27649206,"betway","jupiler_pro_league",2021-08-04
8046699,27649208,"betway","jupiler_pro_league",2021-08-04
8046700,27649210,"betway","jupiler_pro_league",2021-08-04
8046702,27649212,"betway","jupiler_pro_league",2021-08-04
8046695,27649214,"betway","jupiler_pro_league",2021-08-04
7901355,27964616,"betway","la_liga",2021-08-04
7901357,27964608,"betway","la_liga",2021-08-04
7901361,27964604,"betway","la_liga",2021-08-04
7901358,27964602,"betway","la_liga",2021-08-04
7901363,27964594,"betway","la_liga",2021-08-04
7901360,27964600,"betway","la_liga",2021-08-04
7901362,27964596,"betway","la_liga",2021-08-04
7901364,27964610,"betway","la_liga",2021-08-04
7901353,27964618,"betway","la_liga",2021-08-04
7901359,27964620,"betway","la_liga",2021-08-04
7697628,,"betway","la_liga",2021-08-04
7697630,,"betway","la_liga",2021-08-04
7697632,,"betway","la_liga",2021-08-04
7901390,27884712,"betway","ligue_1",2021-08-04
7901392,27884708,"betway","ligue_1",2021-08-04
7901365,27884724,"betway","ligue_1",2021-08-04
7901387,27884718,"betway","ligue_1",2021-08-04
7901393,27884706,"betway","ligue_1",2021-08-04
7901388,27884716,"betway","ligue_1",2021-08-04
7901366,27884722,"betway","ligue_1",2021-08-04
7901367,27884720,"betway","ligue_1",2021-08-04
7901391,27884710,"betway","ligue_1",2021-08-04
7901389,27884714,"betway","ligue_1",2021-08-04
8057759,27884726,"betway","ligue_1",2021-08-04
8057764,27884732,"betway","ligue_1",2021-08-04
8057766,27884734,"betway","ligue_1",2021-08-04
8057771,27884736,"betway","ligue_1",2021-08-04
8057770,27884738,"betway","ligue_1",2021-08-04
8057774,27884742,"betway","ligue_1",2021-08-04
8057761,27884728,"betway","ligue_1",2021-08-04
8057760,27884730,"betway","ligue_1",2021-08-04
8057773,27884740,"betway","ligue_1",2021-08-04
8057775,27884744,"betway","ligue_1",2021-08-04
7697644,,"betway","ligue_1",2021-08-04
7697649,,"betway","ligue_1",2021-08-04
7697646,,"betway","ligue_1",2021-08-04
7697645,,"betway","ligue_1",2021-08-04
7828306,27751052,"betway","premier_league",2021-08-04
7828312,27751062,"betway","premier_league",2021-08-04
7828307,27751054,"betway","premier_league",2021-08-04
7828308,27751056,"betway","premier_league",2021-08-04
7828310,27751058,"betway","premier_league",2021-08-04
7828311,27751060,"betway","premier_league",2021-08-04
7828316,27751070,"betway","premier_league",2021-08-04
7828314,27751066,"betway","premier_league",2021-08-04
7828313,27751064,"betway","premier_league",2021-08-04
7828315,27751068,"betway","premier_league",2021-08-04
7596748,,"betway","premier_league",2021-08-04
7596741,,"betway","premier_league",2021-08-04
7596746,,"betway","premier_league",2021-08-04
7596749,,"betway","premier_league",2021-08-04
7596743,,"betway","premier_league",2021-08-04
7596745,,"betway","premier_league",2021-08-04
7662582,,"betway","premier_league",2021-08-04
7596742,,"betway","premier_league",2021-08-04
7596747,,"betway","premier_league",2021-08-04
7662592,,"betway","premier_league",2021-08-04
7662591,,"betway","premier_league",2021-08-04
7662586,,"betway","premier_league",2021-08-04
7662587,,"betway","premier_league",2021-08-04
7662588,,"betway","premier_league",2021-08-04
7662589,,"betway","premier_league",2021-08-04
7662590,,"betway","premier_league",2021-08-04
7662593,,"betway","premier_league",2021-08-04
7662594,,"betway","premier_league",2021-08-04
7989415,28159780,"betway","serie_a",2021-08-04
7989410,28159782,"betway","serie_a",2021-08-04
7989409,28159778,"betway","serie_a",2021-08-04
7989413,28159790,"betway","serie_a",2021-08-04
7989407,28159774,"betway","serie_a",2021-08-04
7989414,28159792,"betway","serie_a",2021-08-04
7989411,28159784,"betway","serie_a",2021-08-04
7989406,28159786,"betway","serie_a",2021-08-04
7989408,28159776,"betway","serie_a",2021-08-04
7989412,28159788,"betway","serie_a",2021-08-04
7697633,,"betway","serie_a",2021-08-04
"213886",27883088,"bingoal","bundesliga",2021-08-04
"213499",27883092,"bingoal","bundesliga",2021-08-04
"213500",27883094,"bingoal","bundesliga",2021-08-04
"213501",27883096,"bingoal","bundesliga",2021-08-04
"213503",27883100,"bingoal","bundesliga",2021-08-04
"213504",27883102,"bingoal","bundesliga",2021-08-04
"213498",27883090,"bingoal","bundesliga",2021-08-04
"213502",27883098,"bingoal","bundesliga",2021-08-04
"213505",27883104,"bingoal","bundesliga",2021-08-04
"232391",27649198,"bingoal","jupiler_pro_league",2021-08-04
"213699",27649200,"bingoal","jupiler_pro_league",2021-08-04
"213705",27649202,"bingoal","jupiler_pro_league",2021-08-04
"213706",27649204,"bingoal","jupiler_pro_league",2021-08-04
"213708",27649206,"bingoal","jupiler_pro_league",2021-08-04
"213711",27649208,"bingoal","jupiler_pro_league",2021-08-04
"213724",27649210,"bingoal","jupiler_pro_league",2021-08-04
"213742",27649212,"bingoal","jupiler_pro_league",2021-08-04
"213746",27649214,"bingoal","jupiler_pro_league",2021-08-04
"213608",27964616,"bingoal","la_liga",2021-08-04
"213606",27964608,"bingoal","la_liga",2021-08-04
"213604",27964602,"bingoal","la_liga",2021-08-04
"213605",27964604,"bingoal","la_liga",2021-08-04
"213601",27964594,"bingoal","la_liga",2021-08-04
"213603",27964600,"bingoal","la_liga",2021-08-04
"213602",27964596,"bingoal","la_liga",2021-08-04
"213607",27964610,"bingoal","la_liga",2021-08-04
"213609",27964618,"bingoal","la_liga",2021-08-04
"213610",27964620,"bingoal","la_liga",2021-08-04
"213716",27884712,"bingoal","ligue_1",2021-08-04
"213714",27884708,"bingoal","ligue_1",2021-08-04
"213722",27884724,"bingoal","ligue_1",2021-08-04
"213719",27884718,"bingoal","ligue_1",2021-08-04
"213713",27884706,"bingoal","ligue_1",2021-08-04
"213718",27884716,"bingoal","ligue_1",2021-08-04
"213720",27884720,"bingoal","ligue_1",2021-08-04
"213721",27884722,"bingoal","ligue_1",2021-08-04
"213715",27884710,"bingoal","ligue_1",2021-08-04
"213717",27884714,"bingoal","ligue_1",2021-08-04
"213572",27884736,"bingoal","ligue_1",2021-08-04
"213571",27884734,"bingoal","ligue_1",2021-08-04
"213575",27884742,"bingoal","ligue_1",2021-08-04
"213567",27884726,"bingoal","ligue_1",2021-08-04
"213568",27884728,"bingoal","ligue_1",2021-08-04
"213569",27884730,"bingoal","ligue_1",2021-08-04
"213574",27884740,"bingoal","ligue_1",2021-08-04
"213576",27884744,"bingoal","ligue_1",2021-08-04
"213570",27884732,"bingoal","ligue_1",2021-08-04
"213573",27884738,"bingoal","ligue_1",2021-08-04
"213889",27751052,"bingoal","premier_league",2021-08-04
"213486",27751062,"bingoal","premier_league",2021-08-04
"213515",27751054,"bingoal","premier_league",2021-08-04
"213516",27751056,"bingoal","premier_league",2021-08-04
"213517",27751058,"bingoal","premier_league",2021-08-04
"213518",27751060,"bingoal","premier_league",2021-08-04
"213519",27751070,"bingoal","premier_league",2021-08-04
"213561",27751066,"bingoal","premier_league",2021-08-04
"213579",27751064,"bingoal","premier_league",2021-08-04
"213586",27751068,"bingoal","premier_league",2021-08-04
"11751772",27883088,"bwin","bundesliga",2021-08-04
"11751774",27883092,"bwin","bundesliga",2021-08-04
"11751775",27883094,"bwin","bundesliga",2021-08-04
"11751776",27883096,"bwin","bundesliga",2021-08-04
"11751782",27883100,"bwin","bundesliga",2021-08-04
"11751786",27883102,"bwin","bundesliga",2021-08-04
"11751773",27883090,"bwin","bundesliga",2021-08-04
"11751779",27883098,"bwin","bundesliga",2021-08-04
"11751788",27883104,"bwin","bundesliga",2021-08-04
"11865213",27649198,"bwin","jupiler_pro_league",2021-08-04
"11865214",27649200,"bwin","jupiler_pro_league",2021-08-04
"11865215",27649204,"bwin","jupiler_pro_league",2021-08-04
"11865216",27649202,"bwin","jupiler_pro_league",2021-08-04
"11865217",27649206,"bwin","jupiler_pro_league",2021-08-04
"11865218",27649208,"bwin","jupiler_pro_league",2021-08-04
"11865219",27649210,"bwin","jupiler_pro_league",2021-08-04
"11865220",27649212,"bwin","jupiler_pro_league",2021-08-04
"11865221",27649214,"bwin","jupiler_pro_league",2021-08-04
"11778080",27964616,"bwin","la_liga",2021-08-04
"11778078",27964608,"bwin","la_liga",2021-08-04
"11778076",27964602,"bwin","la_liga",2021-08-04
"11778077",27964604,"bwin","la_liga",2021-08-04
"11778073",27964594,"bwin","la_liga",2021-08-04
"11778075",27964600,"bwin","la_liga",2021-08-04
"11778074",27964596,"bwin","la_liga",2021-08-04
"11778079",27964610,"bwin","la_liga",2021-08-04
"11778081",27964618,"bwin","la_liga",2021-08-04
"11778082",27964620,"bwin","la_liga",2021-08-04
"11771425",27884712,"bwin","ligue_1",2021-08-04
"11771423",27884708,"bwin","ligue_1",2021-08-04
"11771431",27884724,"bwin","ligue_1",2021-08-04
"11771428",27884718,"bwin","ligue_1",2021-08-04
"11771422",27884706,"bwin","ligue_1",2021-08-04
"11771427",27884716,"bwin","ligue_1",2021-08-04
"11771429",27884720,"bwin","ligue_1",2021-08-04
"11771430",27884722,"bwin","ligue_1",2021-08-04
"11771424",27884710,"bwin","ligue_1",2021-08-04
"11771426",27884714,"bwin","ligue_1",2021-08-04
"11890681",27884734,"bwin","ligue_1",2021-08-04
"11890686",27884742,"bwin","ligue_1",2021-08-04
"11890677",27884726,"bwin","ligue_1",2021-08-04
"11890678",27884728,"bwin","ligue_1",2021-08-04
"11890679",27884732,"bwin","ligue_1",2021-08-04
"11890682",27884736,"bwin","ligue_1",2021-08-04
"11890683",27884738,"bwin","ligue_1",2021-08-04
"11890685",27884740,"bwin","ligue_1",2021-08-04
"11890687",27884744,"bwin","ligue_1",2021-08-04
"11890688",27884730,"bwin","ligue_1",2021-08-04
"11715276",27751052,"bwin","premier_league",2021-08-04
"11715281",27751062,"bwin","premier_league",2021-08-04
"11715277",27751054,"bwin","premier_league",2021-08-04
"11715278",27751056,"bwin","premier_league",2021-08-04
"11715279",27751058,"bwin","premier_league",2021-08-04
"11715280",27751060,"bwin","premier_league",2021-08-04
"11715285",27751070,"bwin","premier_league",2021-08-04
"11715283",27751066,"bwin","premier_league",2021-08-04
"11715282",27751064,"bwin","premier_league",2021-08-04
"11715284",27751068,"bwin","premier_league",2021-08-04
"11826752",28159782,"bwin","seria_a",2021-08-04
"11826806",28159780,"bwin","seria_a",2021-08-04
"11826751",28159778,"bwin","seria_a",2021-08-04
"11826804",28159790,"bwin","seria_a",2021-08-04
"11826749",28159774,"bwin","seria_a",2021-08-04
"11826805",28159792,"bwin","seria_a",2021-08-04
"11826753",28159784,"bwin","seria_a",2021-08-04
"11826754",28159786,"bwin","seria_a",2021-08-04
"11826750",28159776,"bwin","seria_a",2021-08-04
"11826755",28159788,"bwin","seria_a",2021-08-04
3146391372,27883088,"cashpoint","bundesliga",2021-08-04
3146391392,27883092,"cashpoint","bundesliga",2021-08-04
3146391402,27883094,"cashpoint","bundesliga",2021-08-04
3146391412,27883096,"cashpoint","bundesliga",2021-08-04
3146391432,27883102,"cashpoint","bundesliga",2021-08-04
3146391442,27883100,"cashpoint","bundesliga",2021-08-04
3146391382,27883090,"cashpoint","bundesliga",2021-08-04
3146391422,27883098,"cashpoint","bundesliga",2021-08-04
3146391452,27883104,"cashpoint","bundesliga",2021-08-04
3146391462,27883108,"cashpoint","bundesliga",2021-08-04
3146391492,27883110,"cashpoint","bundesliga",2021-08-04
3146391502,27883120,"cashpoint","bundesliga",2021-08-04
3146391512,27883122,"cashpoint","bundesliga",2021-08-04
3146391522,27883114,"cashpoint","bundesliga",2021-08-04
3146391542,27883118,"cashpoint","bundesliga",2021-08-04
3146391482,27883112,"cashpoint","bundesliga",2021-08-04
3146391532,27883116,"cashpoint","bundesliga",2021-08-04
3146391472,27883106,"cashpoint","bundesliga",2021-08-04
3146391612,27883126,"cashpoint","bundesliga",2021-08-04
3146391552,27883140,"cashpoint","bundesliga",2021-08-04
3146391562,27883136,"cashpoint","bundesliga",2021-08-04
3146391572,27883138,"cashpoint","bundesliga",2021-08-04
3146391582,27883132,"cashpoint","bundesliga",2021-08-04
3146391632,27883134,"cashpoint","bundesliga",2021-08-04
3146391622,27883124,"cashpoint","bundesliga",2021-08-04
3146391592,27883130,"cashpoint","bundesliga",2021-08-04
3146391602,27883128,"cashpoint","bundesliga",2021-08-04
3146395782,27649198,"cashpoint","jupiler_pro_league",2021-08-04
3146395842,27649200,"cashpoint","jupiler_pro_league",2021-08-04
3146395792,27649204,"cashpoint","jupiler_pro_league",2021-08-04
3146395802,27649202,"cashpoint","jupiler_pro_league",2021-08-04
3146395822,27649206,"cashpoint","jupiler_pro_league",2021-08-04
3146395832,27649208,"cashpoint","jupiler_pro_league",2021-08-04
3146395862,27649210,"cashpoint","jupiler_pro_league",2021-08-04
3146395852,27649212,"cashpoint","jupiler_pro_league",2021-08-04
3146395812,27649214,"cashpoint","jupiler_pro_league",2021-08-04
3146394092,27964616,"cashpoint","la_liga",2021-08-04
3146394082,27964608,"cashpoint","la_liga",2021-08-04
3146394042,27964602,"cashpoint","la_liga",2021-08-04
3146394062,27964604,"cashpoint","la_liga",2021-08-04
3146394022,27964594,"cashpoint","la_liga",2021-08-04
3146394032,27964600,"cashpoint","la_liga",2021-08-04
3146394052,27964596,"cashpoint","la_liga",2021-08-04
3146394072,27964610,"cashpoint","la_liga",2021-08-04
3146394102,27964618,"cashpoint","la_liga",2021-08-04
3146394112,27964620,"cashpoint","la_liga",2021-08-04
3146393672,27884712,"cashpoint","ligue_1",2021-08-04
3146393682,27884708,"cashpoint","ligue_1",2021-08-04
3146393692,27884724,"cashpoint","ligue_1",2021-08-04
3146393632,27884718,"cashpoint","ligue_1",2021-08-04
3146393642,27884706,"cashpoint","ligue_1",2021-08-04
3146393662,27884716,"cashpoint","ligue_1",2021-08-04
3146393702,27884722,"cashpoint","ligue_1",2021-08-04
3146393712,27884720,"cashpoint","ligue_1",2021-08-04
3146393652,27884710,"cashpoint","ligue_1",2021-08-04
3146393622,27884714,"cashpoint","ligue_1",2021-08-04
3146393722,27884744,"cashpoint","ligue_1",2021-08-04
3146393782,27884740,"cashpoint","ligue_1",2021-08-04
3146393792,27884728,"cashpoint","ligue_1",2021-08-04
3146393842,27884730,"cashpoint","ligue_1",2021-08-04
3146393812,27884742,"cashpoint","ligue_1",2021-08-04
3146393822,27884726,"cashpoint","ligue_1",2021-08-04
3146393852,27884734,"cashpoint","ligue_1",2021-08-04
3146393862,27884736,"cashpoint","ligue_1",2021-08-04
3146393872,27884738,"cashpoint","ligue_1",2021-08-04
3146393882,27884732,"cashpoint","ligue_1",2021-08-04
3146394432,27751052,"cashpoint","premier_league",2021-08-04
3146394482,27751062,"cashpoint","premier_league",2021-08-04
3146394392,27751054,"cashpoint","premier_league",2021-08-04
3146394412,27751060,"cashpoint","premier_league",2021-08-04
3146394442,27751070,"cashpoint","premier_league",2021-08-04
3146394452,27751056,"cashpoint","premier_league",2021-08-04
3146394462,27751058,"cashpoint","premier_league",2021-08-04
3146394402,27751066,"cashpoint","premier_league",2021-08-04
3146394422,27751064,"cashpoint","premier_league",2021-08-04
3146394472,27751068,"cashpoint","premier_league",2021-08-04
3146393082,28159782,"cashpoint","serie_a",2021-08-04
3146393092,28159780,"cashpoint","serie_a",2021-08-04
3146393042,28159790,"cashpoint","serie_a",2021-08-04
3146393122,28159778,"cashpoint","serie_a",2021-08-04
3146393032,28159792,"cashpoint","serie_a",2021-08-04
3146393062,28159774,"cashpoint","serie_a",2021-08-04
3146393052,28159786,"cashpoint","serie_a",2021-08-04
3146393102,28159784,"cashpoint","serie_a",2021-08-04
3146393112,28159776,"cashpoint","serie_a",2021-08-04
3146393072,28159788,"cashpoint","serie_a",2021-08-04
3146393132,28159818,"cashpoint","serie_a",2021-08-04
3146393182,28159820,"cashpoint","serie_a",2021-08-04
3146393172,28159812,"cashpoint","serie_a",2021-08-04
3146393212,28159804,"cashpoint","serie_a",2021-08-04
3146393142,28159806,"cashpoint","serie_a",2021-08-04
3146393152,28159810,"cashpoint","serie_a",2021-08-04
3146393162,28159808,"cashpoint","serie_a",2021-08-04
3146393202,28159816,"cashpoint","serie_a",2021-08-04
3146393192,28159822,"cashpoint","serie_a",2021-08-04
3146393222,28159814,"cashpoint","serie_a",2021-08-04
3146393232,28159826,"cashpoint","serie_a",2021-08-04
3146393242,28159834,"cashpoint","serie_a",2021-08-04
3146393252,28159832,"cashpoint","serie_a",2021-08-04
3146393262,28159840,"cashpoint","serie_a",2021-08-04
3146393272,28159838,"cashpoint","serie_a",2021-08-04
3146393282,28159828,"cashpoint","serie_a",2021-08-04
3146393292,28159830,"cashpoint","serie_a",2021-08-04
3146393302,28159842,"cashpoint","serie_a",2021-08-04
3146393312,28159824,"cashpoint","serie_a",2021-08-04
3146393322,28159836,"cashpoint","serie_a",2021-08-04
1007755281,27847194,"kambi","bundesliga",2021-08-04
1007755280,27847184,"kambi","bundesliga",2021-08-04
1007755284,27847190,"kambi","bundesliga",2021-08-04
1007755283,27847188,"kambi","bundesliga",2021-08-04
1007755282,27847186,"kambi","bundesliga",2021-08-04
1007755285,27847192,"kambi","bundesliga",2021-08-04
1007710653,27649208,"kambi","jupiler_pro_league",2021-08-04
1007710655,27649204,"kambi","jupiler_pro_league",2021-08-04
1007710650,27649198,"kambi","jupiler_pro_league",2021-08-04
1007710651,27649200,"kambi","jupiler_pro_league",2021-08-04
1007710657,27649210,"kambi","jupiler_pro_league",2021-08-04
1007710658,27649212,"kambi","jupiler_pro_league",2021-08-04
1007710652,27649206,"kambi","jupiler_pro_league",2021-08-04
1007710656,27649214,"kambi","jupiler_pro_league",2021-08-04
1007710654,27649202,"kambi","jupiler_pro_league",2021-08-04
1007766532,27884718,"kambi","ligue_1",2021-08-04
1007766530,27884714,"kambi","ligue_1",2021-08-04
1007766533,27884720,"kambi","ligue_1",2021-08-04
1007766542,27884722,"kambi","ligue_1",2021-08-04
1007766529,27884744,"kambi","ligue_1",2021-08-04
1007766545,27884728,"kambi","ligue_1",2021-08-04
1007766527,27884740,"kambi","ligue_1",2021-08-04
1007766539,27884732,"kambi","ligue_1",2021-08-04
1007766537,27884712,"kambi","ligue_1",2021-08-04
1007766526,27884738,"kambi","ligue_1",2021-08-04
1007766541,27884736,"kambi","ligue_1",2021-08-04
1007766528,27884742,"kambi","ligue_1",2021-08-04
1007766540,27884734,"kambi","ligue_1",2021-08-04
1007766544,27884726,"kambi","ligue_1",2021-08-04
1007766534,27884706,"kambi","ligue_1",2021-08-04
1007766543,27884724,"kambi","ligue_1",2021-08-04
1007766536,27884710,"kambi","ligue_1",2021-08-04
1007766538,27884730,"kambi","ligue_1",2021-08-04
1007766535,27884708,"kambi","ligue_1",2021-08-04
1007766531,27884716,"kambi","ligue_1",2021-08-04
1007732388,27751056,"kambi","premier_league",2021-08-04
1007732393,27751068,"kambi","premier_league",2021-08-04
1007732386,27751052,"kambi","premier_league",2021-08-04
1007732391,27751066,"kambi","premier_league",2021-08-04
1007732389,27751064,"kambi","premier_league",2021-08-04
1007732392,27751070,"kambi","premier_league",2021-08-04
1007732387,27751060,"kambi","premier_league",2021-08-04
1007732384,27751058,"kambi","premier_league",2021-08-04
1007732390,27751062,"kambi","premier_league",2021-08-04
1007732385,27751054,"kambi","premier_league",2021-08-04
1007841146,28159786,"kambi","serie_a",2021-08-04
1007841151,28159776,"kambi","serie_a",2021-08-04
1007841143,28159792,"kambi","serie_a",2021-08-04
1007841144,28159790,"kambi","serie_a",2021-08-04
1007841152,28159774,"kambi","serie_a",2021-08-04
1007841148,28159782,"kambi","serie_a",2021-08-04
1007841150,28159778,"kambi","serie_a",2021-08-04
1007841149,28159780,"kambi","serie_a",2021-08-04
1007841145,28159788,"kambi","serie_a",2021-08-04
1007841147,28159784,"kambi","serie_a",2021-08-04
"club-brugge-cercle-brugge-202108062045",27649198,"ladbrokes","jupiler_pro_league",2021-08-04
"kfco-beerschot-wilrijk-union-saint-gilloise-202108071615",27649200,"ladbrokes","jupiler_pro_league",2021-08-04
"mechelen-eupen-202108071830",27649202,"ladbrokes","jupiler_pro_league",2021-08-04
"st-46-truidense-vv-zulte-waregem-202108071830",27649204,"ladbrokes","jupiler_pro_league",2021-08-04
"kortrijk-genk-202108072045",27649206,"ladbrokes","jupiler_pro_league",2021-08-04
"standard-liegi-anversa-202108081330",27649208,"ladbrokes","jupiler_pro_league",2021-08-04
"oh-leuven-royal-charleroi-202108081600",27649210,"ladbrokes","jupiler_pro_league",2021-08-04
"anderlecht-rfc-seraing-202108081830",27649212,"ladbrokes","jupiler_pro_league",2021-08-04
"oostende-gent-202108082100",27649214,"ladbrokes","jupiler_pro_league",2021-08-04
"borussia-monchengladbach-bayern-monaco-202108132030",27883088,"ladbrokes","bundesliga",2021-08-04
"arminia-bielefeld-friburgo-202108141530",27883102,"ladbrokes","bundesliga",2021-08-04
"augsburg-hoffenheim-202108141530",27883100,"ladbrokes","bundesliga",2021-08-04
"stoccarda-greuther-furth-202108141530",27883096,"ladbrokes","bundesliga",2021-08-04
"union-berlino-bayer-leverkusen-202108141530",27883094,"ladbrokes","bundesliga",2021-08-04
"wolfsburg-bochum-202108141530",27883092,"ladbrokes","bundesliga",2021-08-04
"borussia-dortmund-eintracht-francoforte-202108141830",27883090,"ladbrokes","bundesliga",2021-08-04
"mainz-lipsia-202108151530",27883098,"ladbrokes","bundesliga",2021-08-04
"colonia-hertha-berlino-202108151730",27883104,"ladbrokes","bundesliga",2021-08-04
"valencia-getafe-cf-202108132100",27964616,"ladbrokes","la_liga",2021-08-04
"osasuna-espanyol-202108141700",27964608,"ladbrokes","la_liga",2021-08-04
"cadiz-levante-202108141930",27964604,"ladbrokes","la_liga",2021-08-04
"maiorca-real-betis-202108141930",27964602,"ladbrokes","la_liga",2021-08-04
"alaves-real-madrid-202108142200",27964594,"ladbrokes","la_liga",2021-08-04
"celta-vigo-atletico-madrid-202108151730",27964600,"ladbrokes","la_liga",2021-08-04
"barcellona-real-sociedad-202108152000",27964596,"ladbrokes","la_liga",2021-08-04
"siviglia-rayo-vallecano-202108152215",27964610,"ladbrokes","la_liga",2021-08-04
"villarreal-granada-202108162000",27964618,"ladbrokes","la_liga",2021-08-04
"elche-athletic-bilbao-202108162200",27964620,"ladbrokes","la_liga",2021-08-04
"monaco-nantes-202108062100",27884712,"ladbrokes","ligue_1",2021-08-04
"lione-brest-202108071700",27884708,"ladbrokes","ligue_1",2021-08-04
"troyes-paris-saint-germain-202108072100",27884724,"ladbrokes","ligue_1",2021-08-04
"rennes-lens-202108081300",27884718,"ladbrokes","ligue_1",2021-08-04
"bordeaux-clermont-foot-202108081500",27884706,"ladbrokes","ligue_1",2021-08-04
"nizza-reims-202108081500",27884716,"ladbrokes","ligue_1",2021-08-04
"saint-etienne-lorient-202108081500",27884720,"ladbrokes","ligue_1",2021-08-04
"strasburgo-angers-202108081500",27884722,"ladbrokes","ligue_1",2021-08-04
"metz-lille-202108081700",27884710,"ladbrokes","ligue_1",2021-08-04
"montpellier-olympique-marsiglia-202108082045",27884714,"ladbrokes","ligue_1",2021-08-04
"brentford-arsenal-fc-202108132100",27751052,"ladbrokes","premier_league",2021-08-04
"manchester-united-fc-leeds-202108141330",27751062,"ladbrokes","premier_league",2021-08-04
"burnley-brighton-202108141600",27751054,"ladbrokes","premier_league",2021-08-04
"chelsea-crystal-palace-202108141600",27751056,"ladbrokes","premier_league",2021-08-04
"everton-fc-southampton-202108141600",27751058,"ladbrokes","premier_league",2021-08-04
"leicester-city-fc-wolverhampton-202108141600",27751060,"ladbrokes","premier_league",2021-08-04
"watford-aston-villa-202108141600",27751070,"ladbrokes","premier_league",2021-08-04
"norwich-liverpool-202108141830",27751066,"ladbrokes","premier_league",2021-08-04
"newcastle-united-fc-west-ham-united-fc-202108151500",27751064,"ladbrokes","premier_league",2021-08-04
"tottenham-hotspur-fc-manchester-city-fc-202108151730",27751068,"ladbrokes","premier_league",2021-08-04
"hellas-verona-sassuolo-202108211830",28159780,"ladbrokes","serie_a",2021-08-04
"inter-genoa-202108211830",28159782,"ladbrokes","serie_a",2021-08-04
"empoli-lazio-202108212045",28159778,"ladbrokes","serie_a",2021-08-04
"torino-atalanta-202108212045",28159790,"ladbrokes","serie_a",2021-08-04
"bologna-salernitana-202108221830",28159774,"ladbrokes","serie_a",2021-08-04
"udinese-juventus-202108221830",28159792,"ladbrokes","serie_a",2021-08-04
"napoli-venezia-202108222045",28159784,"ladbrokes","serie_a",2021-08-04
"roma-fiorentina-202108222045",28159786,"ladbrokes","serie_a",2021-08-04
"cagliari-spezia-202108231830",28159776,"ladbrokes","serie_a",2021-08-04
"sampdoria-milan-202108232045",28159788,"ladbrokes","serie_a",2021-08-04
"9668597","27883088","meridian","bundesliga",2021-08-04
"9668596","27883092","meridian","bundesliga",2021-08-04
"9668607","27883096","meridian","bundesliga",2021-08-04
"9668610","27883094","meridian","bundesliga",2021-08-04
"9668668","27883100","meridian","bundesliga",2021-08-04
"9668671","27883102","meridian","bundesliga",2021-08-04
"9668599","27883090","meridian","bundesliga",2021-08-04
"9668647","27883098","meridian","bundesliga",2021-08-04
"9668679","27883104","meridian","bundesliga",2021-08-04
"9668759","27883108","meridian","bundesliga",2021-08-04
"9668796","27883120","meridian","bundesliga",2021-08-04
"9668777","27883110","meridian","bundesliga",2021-08-04
"9668795","27883122","meridian","bundesliga",2021-08-04
"9668778","27883114","meridian","bundesliga",2021-08-04
"9668779","27883118","meridian","bundesliga",2021-08-04
"9668781","27883112","meridian","bundesliga",2021-08-04
"9668784","27883116","meridian","bundesliga",2021-08-04
"9668725","27883106","meridian","bundesliga",2021-08-04
"9537436","83872","meridian","bundesliga",2021-08-04
"9808649","27649198","meridian","jupiler_pro_league",2021-08-04
"9808655","27649200","meridian","jupiler_pro_league",2021-08-04
"9808652","27649204","meridian","jupiler_pro_league",2021-08-04
"9808653","27649202","meridian","jupiler_pro_league",2021-08-04
"9808661","27649206","meridian","jupiler_pro_league",2021-08-04
"9808650","27649208","meridian","jupiler_pro_league",2021-08-04
"9808654","27649210","meridian","jupiler_pro_league",2021-08-04
"9808651","27649212","meridian","jupiler_pro_league",2021-08-04
"9808656","27649214","meridian","jupiler_pro_league",2021-08-04
"9681146","84134","meridian","jupiler_pro_league",2021-08-04
"9687963","27964616","meridian","la_liga",2021-08-04
"9687950","27964608","meridian","la_liga",2021-08-04
"9687948","27964604","meridian","la_liga",2021-08-04
"9687949","27964602","meridian","la_liga",2021-08-04
"9687927","27964594","meridian","la_liga",2021-08-04
"9687926","27964600","meridian","la_liga",2021-08-04
"9687954","27964596","meridian","la_liga",2021-08-04
"9690562","27964610","meridian","la_liga",2021-08-04
"9687947","27964618","meridian","la_liga",2021-08-04
"9687951","27964620","meridian","la_liga",2021-08-04
"9644610","84048","meridian","la_liga",2021-08-04
"9664534","27884712","meridian","ligue_1",2021-08-04
"9664521","27884708","meridian","ligue_1",2021-08-04
"9664524","27884724","meridian","ligue_1",2021-08-04
"9664532","27884718","meridian","ligue_1",2021-08-04
"9664523","27884722","meridian","ligue_1",2021-08-04
"9664526","27884720","meridian","ligue_1",2021-08-04
"9664528","27884706","meridian","ligue_1",2021-08-04
"9664531","27884716","meridian","ligue_1",2021-08-04
"9664529","27884710","meridian","ligue_1",2021-08-04
"9664522","27884714","meridian","ligue_1",2021-08-04
"9825151","27884736","meridian","ligue_1",2021-08-04
"9825149","27884734","meridian","ligue_1",2021-08-04
"9825161","27884742","meridian","ligue_1",2021-08-04
"9825147","27884726","meridian","ligue_1",2021-08-04
"9825146","27884730","meridian","ligue_1",2021-08-04
"9825150","27884740","meridian","ligue_1",2021-08-04
"9825160","27884728","meridian","ligue_1",2021-08-04
"9825162","27884744","meridian","ligue_1",2021-08-04
"9825163","27884732","meridian","ligue_1",2021-08-04
"9825159","27884738","meridian","ligue_1",2021-08-04
"9567438","83972","meridian","ligue_1",2021-08-04
"9620266","27751052","meridian","premier_league",2021-08-04
"9620207","27751062","meridian","premier_league",2021-08-04
"9620206","27751070","meridian","premier_league",2021-08-04
"9620208","27751058","meridian","premier_league",2021-08-04
"9620210","27751056","meridian","premier_league",2021-08-04
"9620235","27751054","meridian","premier_league",2021-08-04
"9620247","27751060","meridian","premier_league",2021-08-04
"9620248","27751066","meridian","premier_league",2021-08-04
"9620236","27751064","meridian","premier_league",2021-08-04
"9620209","27751068","meridian","premier_league",2021-08-04
"9504826","83706","meridian","premier_league",2021-08-04
"9751429","28159780","meridian","serie_a",2021-08-04
"9751434","28159782","meridian","serie_a",2021-08-04
"9751433","28159778","meridian","serie_a",2021-08-04
"9751438","28159790","meridian","serie_a",2021-08-04
"9751432","28159774","meridian","serie_a",2021-08-04
"9751440","28159792","meridian","serie_a",2021-08-04
"9751428","28159786","meridian","serie_a",2021-08-04
"9751435","28159784","meridian","serie_a",2021-08-04
"9751442","28159776","meridian","serie_a",2021-08-04
"9751436","28159788","meridian","serie_a",2021-08-04
"9571967","83944","meridian","serie_a",2021-08-04
"23509684","27883088","sbtech","bundesliga",2021-08-04
"23509685","27883090","sbtech","bundesliga",2021-08-04
"23509690","27883092","sbtech","bundesliga",2021-08-04
"23509691","27883094","sbtech","bundesliga",2021-08-04
"23509692","27883096","sbtech","bundesliga",2021-08-04
"23509697","27883098","sbtech","bundesliga",2021-08-04
"23509698","27883100","sbtech","bundesliga",2021-08-04
"23509699","27883102","sbtech","bundesliga",2021-08-04
"23509700","27883104","sbtech","bundesliga",2021-08-04
"90551310",,"sbtech","bundesliga",2021-08-04
"90551413",,"sbtech","bundesliga",2021-08-04
"90551910",,"sbtech","bundesliga",2021-08-04
"90552606",,"sbtech","bundesliga",2021-08-04
"23861959","27649198","sbtech","jupiler_pro_league",2021-08-04
"23861960","27649200","sbtech","jupiler_pro_league",2021-08-04
"23861961","27649204","sbtech","jupiler_pro_league",2021-08-04
"23861962","27649202","sbtech","jupiler_pro_league",2021-08-04
"23861963","27649206","sbtech","jupiler_pro_league",2021-08-04
"23861964","27649208","sbtech","jupiler_pro_league",2021-08-04
"23861965","27649210","sbtech","jupiler_pro_league",2021-08-04
"23861966","27649212","sbtech","jupiler_pro_league",2021-08-04
"23861967","27649214","sbtech","jupiler_pro_league",2021-08-04
"23945547","27649216","sbtech","jupiler_pro_league",2021-08-04
"23945548","27649218","sbtech","jupiler_pro_league",2021-08-04
"23945552","27649222","sbtech","jupiler_pro_league",2021-08-04
"23945696","27649220","sbtech","jupiler_pro_league",2021-08-04
"23945697","27649224","sbtech","jupiler_pro_league",2021-08-04
"23945698","27649226","sbtech","jupiler_pro_league",2021-08-04
"23945699","27649228","sbtech","jupiler_pro_league",2021-08-04
"23945732","27649230","sbtech","jupiler_pro_league",2021-08-04
"23945733","27649232","sbtech","jupiler_pro_league",2021-08-04
"23525848","27964616","sbtech","la_liga",2021-08-04
"23525849","27964594","sbtech","la_liga",2021-08-04
"23525850","27964596","sbtech","la_liga",2021-08-04
"23525851","27964608","sbtech","la_liga",2021-08-04
"23525852","27964600","sbtech","la_liga",2021-08-04
"23525853","27964604","sbtech","la_liga",2021-08-04
"23525854","27964618","sbtech","la_liga",2021-08-04
"23525855","27964602","sbtech","la_liga",2021-08-04
"23525856","27964620","sbtech","la_liga",2021-08-04
"23534949","27964610","sbtech","la_liga",2021-08-04
"93060326",,"sbtech","la_liga",2021-08-04
"93061145",,"sbtech","la_liga",2021-08-04
"93061347",,"sbtech","la_liga",2021-08-04
"93061350",,"sbtech","la_liga",2021-08-04
"23526129","1946643","sbtech","ligue_1",2021-08-04
"23526130","1946311","sbtech","ligue_1",2021-08-04
"23526131","1946599","sbtech","ligue_1",2021-08-04
"23526132","1946601","sbtech","ligue_1",2021-08-04
"23526133","1946123","sbtech","ligue_1",2021-08-04
"23526134","1946075","sbtech","ligue_1",2021-08-04
"23526135","1946641","sbtech","ligue_1",2021-08-04
"23526136","1946073","sbtech","ligue_1",2021-08-04
"23526138","1946077","sbtech","ligue_1",2021-08-04
"23526140","1946639","sbtech","ligue_1",2021-08-04
"23888523","27884726","sbtech","ligue_1",2021-08-04
"23888524","27884730","sbtech","ligue_1",2021-08-04
"23888525","27884734","sbtech","ligue_1",2021-08-04
"23888526","27884736","sbtech","ligue_1",2021-08-04
"23888527","27884740","sbtech","ligue_1",2021-08-04
"23888539","27884728","sbtech","ligue_1",2021-08-04
"23888540","27884732","sbtech","ligue_1",2021-08-04
"23888541","27884738","sbtech","ligue_1",2021-08-04
"23888542","27884742","sbtech","ligue_1",2021-08-04
"23888543","27884744","sbtech","ligue_1",2021-08-04
"93936532",,"sbtech","ligue_1",2021-08-04
"94032336",,"sbtech","ligue_1",2021-08-04
"94359754",,"sbtech","ligue_1",2021-08-04
"23364163","27751052","sbtech","premier_league",2021-08-04
"23364164","27751070","sbtech","premier_league",2021-08-04
"23364165","27751068","sbtech","premier_league",2021-08-04
"23364166","27751066","sbtech","premier_league",2021-08-04
"23364167","27751064","sbtech","premier_league",2021-08-04
"23364168","27751062","sbtech","premier_league",2021-08-04
"23364169","27751060","sbtech","premier_league",2021-08-04
"23364170","27751058","sbtech","premier_league",2021-08-04
"23364171","27751056","sbtech","premier_league",2021-08-04
"23364172","27751054","sbtech","premier_league",2021-08-04
"88109564",,"sbtech","premier_league",2021-08-04
"90545187",,"sbtech","premier_league",2021-08-04
"90545251",,"sbtech","premier_league",2021-08-04
"90545326",,"sbtech","premier_league",2021-08-04
"90546997",,"sbtech","premier_league",2021-08-04
"90547072",,"sbtech","premier_league",2021-08-04
"90547120",,"sbtech","premier_league",2021-08-04
"90547143",,"sbtech","premier_league",2021-08-04
"90547219",,"sbtech","premier_league",2021-08-04
"90547524",,"sbtech","premier_league",2021-08-04
"90547694",,"sbtech","premier_league",2021-08-04
"90548023",,"sbtech","premier_league",2021-08-04
"90548105",,"sbtech","premier_league",2021-08-04
"90548381",,"sbtech","premier_league",2021-08-04
"94383992",,"sbtech","premier_league",2021-08-04
"23706697","28159774","sbtech","serie_a",2021-08-04
"23706698","28159776","sbtech","serie_a",2021-08-04
"23706699","28159778","sbtech","serie_a",2021-08-04
"23706700","28159780","sbtech","serie_a",2021-08-04
"23706701","28159782","sbtech","serie_a",2021-08-04
"23706702","28159784","sbtech","serie_a",2021-08-04
"23706703","28159786","sbtech","serie_a",2021-08-04
"23706704","28159788","sbtech","serie_a",2021-08-04
"23706705","28159790","sbtech","serie_a",2021-08-04
"23706706","28159792","sbtech","serie_a",2021-08-04
"93936778",,"sbtech","serie_a",2021-08-04
1355598450,27883092,"pinnacle","bundesliga",2021-08-04
1355598455,27883090,"pinnacle","bundesliga",2021-08-04
1355598452,27883098,"pinnacle","bundesliga",2021-08-04
1355598449,27883096,"pinnacle","bundesliga",2021-08-04
1355598448,27883088,"pinnacle","bundesliga",2021-08-04
1355598451,27883094,"pinnacle","bundesliga",2021-08-04
1355598456,27883100,"pinnacle","bundesliga",2021-08-04
1355598457,27883104,"pinnacle","bundesliga",2021-08-04
1355598458,27883102,"pinnacle","bundesliga",2021-08-04
1371525821,27649204,"pinnacle","jupiler_pro_league",2021-08-04
1372262885,27649214,"pinnacle","jupiler_pro_league",2021-08-04
1372163745,27649212,"pinnacle","jupiler_pro_league",2021-08-04
1372047790,27649210,"pinnacle","jupiler_pro_league",2021-08-04
1371525819,27649202,"pinnacle","jupiler_pro_league",2021-08-04
1371949611,27649208,"pinnacle","jupiler_pro_league",2021-08-04
1371154190,27649198,"pinnacle","jupiler_pro_league",2021-08-04
1371612199,27649206,"pinnacle","jupiler_pro_league",2021-08-04
1371482246,27649200,"pinnacle","jupiler_pro_league",2021-08-04
1356433517,27964608,"pinnacle","la_liga",2021-08-04
1356433518,27964620,"pinnacle","la_liga",2021-08-04
1356423391,27964596,"pinnacle","la_liga",2021-08-04
1356433556,27964604,"pinnacle","la_liga",2021-08-04
1356433559,27964610,"pinnacle","la_liga",2021-08-04
1356433519,27964616,"pinnacle","la_liga",2021-08-04
1356433558,27964618,"pinnacle","la_liga",2021-08-04
1356433540,27964602,"pinnacle","la_liga",2021-08-04
1356423393,27964600,"pinnacle","la_liga",2021-08-04
1356463997,27884722,"pinnacle","ligue_1",2021-08-04
1372002648,27884744,"pinnacle","ligue_1",2021-08-04
1356463999,27884716,"pinnacle","ligue_1",2021-08-04
1372002642,27884736,"pinnacle","ligue_1",2021-08-04
1372002651,27884728,"pinnacle","ligue_1",2021-08-04
1372002645,27884732,"pinnacle","ligue_1",2021-08-04
1356463996,27884724,"pinnacle","ligue_1",2021-08-04
1372002637,27884734,"pinnacle","ligue_1",2021-08-04
1356441743,27884706,"pinnacle","ligue_1",2021-08-04
1372002649,27884730,"pinnacle","ligue_1",2021-08-04
1356463998,27884718,"pinnacle","ligue_1",2021-08-04
1372002641,27884740,"pinnacle","ligue_1",2021-08-04
1372002643,27884726,"pinnacle","ligue_1",2021-08-04
1356441761,27884708,"pinnacle","ligue_1",2021-08-04
1372002647,27884742,"pinnacle","ligue_1",2021-08-04
1356464001,27884714,"pinnacle","ligue_1",2021-08-04
1356464000,27884720,"pinnacle","ligue_1",2021-08-04
1356441733,27884710,"pinnacle","ligue_1",2021-08-04
1372002640,27884738,"pinnacle","ligue_1",2021-08-04
1356464002,27884712,"pinnacle","ligue_1",2021-08-04
1348161208,27751056,"pinnacle","premier_league",2021-08-04
1348161214,27751054,"pinnacle","premier_league",2021-08-04
1348161206,27751064,"pinnacle","premier_league",2021-08-04
1348161211,27751068,"pinnacle","premier_league",2021-08-04
1348161209,27751066,"pinnacle","premier_league",2021-08-04
1348161205,27751058,"pinnacle","premier_league",2021-08-04
1348161215,27751060,"pinnacle","premier_league",2021-08-04
1348161212,27751062,"pinnacle","premier_league",2021-08-04
1348161213,27751052,"pinnacle","premier_league",2021-08-04
1348161207,27751070,"pinnacle","premier_league",2021-08-04
1363596804,28159792,"pinnacle","serie_a",2021-08-04
1363596808,28159790,"pinnacle","serie_a",2021-08-04
1363596805,28159784,"pinnacle","serie_a",2021-08-04
1363596806,28159782,"pinnacle","serie_a",2021-08-04
1363596810,28159786,"pinnacle","serie_a",2021-08-04
1363596812,28159776,"pinnacle","serie_a",2021-08-04
1363596811,28159780,"pinnacle","serie_a",2021-08-04
1363596829,28159778,"pinnacle","serie_a",2021-08-04
1363596809,28159788,"pinnacle","serie_a",2021-08-04
18230610,27883116,"bcapps","bundesliga",2021-08-04
18230611,27883106,"bcapps","bundesliga",2021-08-04
18230612,27883110,"bcapps","bundesliga",2021-08-04
18230613,27883112,"bcapps","bundesliga",2021-08-04
18230614,27883114,"bcapps","bundesliga",2021-08-04
18230615,27883108,"bcapps","bundesliga",2021-08-04
18230616,27883120,"bcapps","bundesliga",2021-08-04
18230617,27883118,"bcapps","bundesliga",2021-08-04
18230618,27883122,"bcapps","bundesliga",2021-08-04
18230619,27883104,"bcapps","bundesliga",2021-08-04
18230620,27883092,"bcapps","bundesliga",2021-08-04
18230621,27883094,"bcapps","bundesliga",2021-08-04
18230622,27883102,"bcapps","bundesliga",2021-08-04
18230623,27883098,"bcapps","bundesliga",2021-08-04
18230624,27883096,"bcapps","bundesliga",2021-08-04
18230625,27883100,"bcapps","bundesliga",2021-08-04
18230626,27883090,"bcapps","bundesliga",2021-08-04
18230627,27883088,"bcapps","bundesliga",2021-08-04
18373468,27649212,"bcapps","jupiler_pro_league",2021-08-04
18373469,27649210,"bcapps","jupiler_pro_league",2021-08-04
18373470,27649208,"bcapps","jupiler_pro_league",2021-08-04
18373471,27649206,"bcapps","jupiler_pro_league",2021-08-04
18373472,27649204,"bcapps","jupiler_pro_league",2021-08-04
18373473,27649202,"bcapps","jupiler_pro_league",2021-08-04
18373474,27649200,"bcapps","jupiler_pro_league",2021-08-04
18373475,27649198,"bcapps","jupiler_pro_league",2021-08-04
18375784,27649214,"bcapps","jupiler_pro_league",2021-08-04
18239707,27964608,"bcapps","la_liga",2021-08-04
18242506,27964610,"bcapps","la_liga",2021-08-04
18239024,27964600,"bcapps","la_liga",2021-08-04
18239056,27964596,"bcapps","la_liga",2021-08-04
18239084,27964616,"bcapps","la_liga",2021-08-04
18239183,27964620,"bcapps","la_liga",2021-08-04
18239307,27964604,"bcapps","la_liga",2021-08-04
18239320,27964602,"bcapps","la_liga",2021-08-04
18257427,27884706,"bcapps","ligue_1",2021-08-04
18391874,27884730,"bcapps","ligue_1",2021-08-04
18391875,27884728,"bcapps","ligue_1",2021-08-04
18391877,27884736,"bcapps","ligue_1",2021-08-04
18391879,27884732,"bcapps","ligue_1",2021-08-04
18391880,27884726,"bcapps","ligue_1",2021-08-04
18391885,27884744,"bcapps","ligue_1",2021-08-04
18391886,27884740,"bcapps","ligue_1",2021-08-04
18391887,27884742,"bcapps","ligue_1",2021-08-04
18239189,27884722,"bcapps","ligue_1",2021-08-04
18239190,27884708,"bcapps","ligue_1",2021-08-04
18239191,27884710,"bcapps","ligue_1",2021-08-04
18239193,27884718,"bcapps","ligue_1",2021-08-04
18239195,27884712,"bcapps","ligue_1",2021-08-04
18239196,27884720,"bcapps","ligue_1",2021-08-04
18239203,27884724,"bcapps","ligue_1",2021-08-04
18165369,27751052,"bcapps","premier_league",2021-08-04
18165377,27751056,"bcapps","premier_league",2021-08-04
18165378,27751058,"bcapps","premier_league",2021-08-04
18165379,27751060,"bcapps","premier_league",2021-08-04
18165380,27751062,"bcapps","premier_league",2021-08-04
18165381,27751064,"bcapps","premier_league",2021-08-04
18165382,27751066,"bcapps","premier_league",2021-08-04
18165383,27751068,"bcapps","premier_league",2021-08-04
18165384,27751070,"bcapps","premier_league",2021-08-04
18165388,27751054,"bcapps","premier_league",2021-08-04
18329994,28159792,"bcapps","serie_a",2021-08-04
18329995,28159786,"bcapps","serie_a",2021-08-04
18329996,28159776,"bcapps","serie_a",2021-08-04
18329998,28159788,"bcapps","serie_a",2021-08-04
18329999,28159778,"bcapps","serie_a",2021-08-04
18330000,28159790,"bcapps","serie_a",2021-08-04
18330001,28159780,"bcapps","serie_a",2021-08-04
18330002,28159782,"bcapps","serie_a",2021-08-04
18330003,28159784,"bcapps","serie_a",2021-08-04
